Date,c0,c1,c2,c3,c4,c5,c6,c7,c8,c9,c10
2025-08-18,0.0,104.1921568627451,133.72549019607845,12.090196078431372,0.0,0.0,0.0,0.0,0.0,0.0,0
2025-08-23,0.0,115.95294117647056,132.80392156862746,1.2509803921568627,0.0,0.0,0.0,0.0,0.0,0.0,0
2025-08-28,0.0,0.0,0.0,0.0,12.949019607843137,236.80784313725488,0.25098039215686274,0.0,0.0,0.0,0
2025-09-02,0.0,0.0,0.0,0.0,19.937254901960785,228.5647058823529,1.2549019607843137,0.25098039215686274,0.0,0.0,0
2025-09-07,0.0,0.0,0.0,0.0,10.949019607843137,222.53725490196075,16.270588235294117,0.25098039215686274,0.0,0.0,0
2025-09-12,0.0,0.0,0.0,1.0,30.77647058823529,212.99215686274505,4.988235294117647,0.25098039215686274,0.0,0.0,0
2025-09-17,0.0,0.0,0.0,12.937254901960785,65.29411764705883,170.55686274509802,0.9686274509803922,0.25098039215686274,0.0,0.0,0
2025-09-22,0.0,0.0,0.0,0.0,0.0,245.2627450980392,4.4941176470588236,0.25098039215686274,0.0,0.0,0
2025-09-27,0.0,0.0,0.0,134.09411764705882,102.13333333333333,13.780392156862742,0.0,0.0,0.0,0.0,0
2025-10-02,0.0,0.0,0.0,2.0,90.32549019607842,157.68235294117648,0.0,0.0,0.0,0.0,0
2025-10-07,0.0,0.0,0.0,0.0,0.0,248.75686274509803,1.2509803921568627,0.0,0.0,0.0,0
2025-10-12,0.0,0.0,0.0,0.0,0.0,142.8352941176471,87.89019607843137,19.28235294117647,0.0,0.0,0
2025-10-17,0.0,0.0,0.0,0.0,0.0,8.0,19.925490196078428,220.8313725490196,1.2509803921568627,0.0,0
2025-10-22,0.0,0.0,0.0,0.0,0.0,2.0,19.79607843137255,198.0549019607843,30.15686274509804,0.0,0
2025-10-27,0.0,0.0,0.0,0.0,0.0,0.0,0.0,56.58039215686275,161.78039215686272,31.64705882352941,0
2025-11-01,0.0,0.0,0.0,0.0,0.0,0.0,5.968627450980392,118.37647058823528,111.10588235294117,14.556862745098037,0
2025-11-06,0.0,0.0,0.0,0.0,0.0,66.95686274509804,106.95686274509804,76.09411764705881,0.0,0.0,0
2025-11-11,0.0,0.0,0.0,0.0,0.0,191.82745098039217,57.92941176470588,0.25098039215686274,0.0,0.0,0
2025-11-16,0.0,0.0,0.0,1.8705882352941177,5.474509803921569,238.7490196078431,3.662745098039216,0.25098039215686274,0.0,0.0,0
2025-11-21,0.0,0.0,0.0,8.345098039215685,23.53333333333333,215.37647058823526,1.2509803921568627,1.5019607843137255,0.0,0.0,0
2025-11-26,0.0,0.0,9.513725490196078,152.58039215686273,27.92156862745098,59.74117647058823,0.25098039215686274,0.0,0.0,0.0,0
2025-12-01,0.0,0.0,18.854901960784314,147.20392156862744,25.619607843137253,58.07843137254901,0.0,0.25098039215686274,0.0,0.0,0
2025-12-06,0.0,0.0,0.0,34.94117647058823,54.29411764705882,155.21176470588236,4.309803921568627,1.2509803921568627,0.0,0.0,0
2025-12-11,0.0,0.0,0.0,65.59215686274509,61.501960784313724,118.96078431372547,3.7019607843137257,0.25098039215686274,0.0,0.0,0
2025-12-16,0.0,0.0,0.0,46.88627450980392,90.41176470588233,112.45882352941175,0.25098039215686274,0.0,0.0,0.0,0
2025-12-21,0.0,0.0,0.0,0.0,1.0,248.55686274509804,0.45098039215686275,0.0,0.0,0.0,0
2025-12-26,0.0,0.0,0.0,0.0,0.0,181.66274509803924,56.96078431372548,11.384313725490195,0.0,0.0,0
2025-12-31,0.0,0.0,0.0,0.0,0.0,185.77254901960785,52.705882352941174,11.529411764705884,0.0,0.0,0
2026-01-05,0.0,0.0,0.0,0.0,0.0,110.39999999999999,96.77254901960781,42.58431372549019,0.25098039215686274,0.0,0
2026-01-10,0.0,0.0,0.0,0.0,0.0,62.30980392156862,125.06666666666666,60.219607843137254,2.1607843137254905,0.25098039215686274,0
2026-01-15,0.0,0.0,0.0,0.0,0.0,159.91764705882352,56.752941176470586,33.086274509803914,0.25098039215686274,0.0,0
2026-01-20,0.0,0.0,0.0,0.0,0.0,241.00784313725492,7.749019607843137,1.2509803921568627,0.0,0.0,0
2026-01-25,0.0,0.0,0.0,0.0,16.0,233.756862745098,0.25098039215686274,0.0,0.0,0.0,0
2026-01-30,0.0,0.0,0.0,0.0,24.937254901960785,224.81960784313722,0.25098039215686274,0.0,0.0,0.0,0
2026-02-04,0.0,0.0,0.0,197.843137254902,41.70980392156862,10.454901960784312,0.0,0.0,0.0,0.0,0
2026-02-09,0.0,0.0,4.0,240.34509803921569,5.411764705882353,0.25098039215686274,0.0,0.0,0.0,0.0,0
2026-02-14,0.0,0.0,5.125490196078431,239.30196078431374,5.580392156862746,0.0,0.0,0.0,0.0,0.0,0
2026-02-19,0.0,0.0,0.0,51.6235294117647,131.2823529411765,67.10196078431372,0.0,0.0,0.0,0.0,0
2026-02-24,0.0,0.0,0.0,2.0,77.61176470588235,170.3960784313725,0.0,0.0,0.0,0.0,0
2026-03-01,0.0,0.0,0.0,1.0,33.811764705882354,215.19607843137248,0.0,0.0,0.0,0.0,0
2026-03-06,0.0,0.0,0.0,0.0,2.0,245.59607843137255,2.1607843137254905,0.25098039215686274,0.0,0.0,0
2026-03-11,0.0,0.0,0.0,0.0,7.0,239.95686274509805,2.8,0.25098039215686274,0.0,0.0,0
2026-03-16,0.0,0.0,0.0,2.0,52.98039215686275,193.6156862745098,1.1607843137254903,0.25098039215686274,0.0,0.0,0
2026-03-21,0.0,0.0,0.0,152.71764705882356,47.94117647058823,49.09803921568628,0.25098039215686274,0.0,0.0,0.0,0
2026-03-26,0.0,24.68235294117647,104.39215686274508,111.20784313725488,5.56078431372549,4.1647058823529415,0.0,0.0,0.0,0.0,0
2026-03-31,0.0,0.0,88.21960784313725,132.72941176470587,23.639215686274504,5.419607843137255,0.0,0.0,0.0,0.0,0
2026-04-05,0.0,17.235294117647058,139.79215686274512,89.97647058823529,2.7529411764705882,0.25098039215686274,0.0,0.0,0.0,0.0,0
2026-04-10,0.0,45.321568627450986,191.7921568627451,12.392156862745093,0.25098039215686274,0.25098039215686274,0.0,0.0,0.0,0.0,0
2026-04-15,0.0,3.0,37.86666666666667,201.56078431372546,2.5764705882352943,5.003921568627451,0.0,0.0,0.0,0.0,0
2026-04-20,0.0,8.031372549019608,40.4078431372549,196.4470588235294,2.1176470588235294,3.003921568627451,0.0,0.0,0.0,0.0,0
2026-04-25,0.0,0.0,4.0,147.59607843137255,51.905882352941184,46.50588235294117,0.0,0.0,0.0,0.0,0
2026-04-30,0.0,0.0,3.0,156.65882352941176,43.392156862745104,46.70588235294118,0.25098039215686274,0.0,0.0,0.0,0
2026-05-05,0.0,0.023529411764705882,16.796078431372546,185.8980392156862,30.2235294117647,17.066666666666663,0.0,0.0,0.0,0.0,0
2026-05-10,0.0,6.223529411764706,26.141176470588235,187.29019607843134,21.16862745098039,9.184313725490192,0.0,0.0,0.0,0.0,0
2026-05-15,0.0,110.81176470588237,71.33725490196079,54.74117647058824,10.113725490196078,3.003921568627451,0.0,0.0,0.0,0.0,0
2026-05-20,0.0,154.3372549019608,63.05882352941177,29.6078431372549,2.7529411764705882,0.25098039215686274,0.0,0.0,0.0,0.0,0
2026-05-25,6.0,235.42745098039214,5.8274509803921575,2.7529411764705882,0.0,0.0,0.0,0.0,0.0,0.0,0
2026-05-30,87.01960784313725,149.121568627451,11.862745098039214,2.003921568627451,0.0,0.0,0.0,0.0,0.0,0.0,0
2026-06-04,132.0941176470588,117.41176470588232,0.5019607843137255,0.0,0.0,0.0,0.0,0.0,0.0,0.0,0
2026-06-09,7.0,214.8039215686274,27.08235294117647,1.1215686274509804,0.0,0.0,0.0,0.0,0.0,0.0,0
2026-06-14,0.0,221.8039215686274,27.2,1.003921568627451,0.0,0.0,0.0,0.0,0.0,0.0,0
2026-06-19,31.40392156862745,190.20392156862744,28.399999999999995,0.0,0.0,0.0,0.0,0.0,0.0,0.0,0
2026-06-24,0.0,199.0941176470588,37.364705882352936,13.549019607843135,0.0,0.0,0.0,0.0,0.0,0.0,0
2026-06-29,0.0,116.46274509803922,97.04705882352943,36.24705882352941,0.25098039215686274,0.0,0.0,0.0,0.0,0.0,0
2026-07-04,0.0,1.0392156862745099,170.45882352941177,78.00784313725491,0.5019607843137255,0.0,0.0,0.0,0.0,0.0,0
2026-07-09,0.0,12.650980392156864,195.66666666666663,41.43921568627451,0.25098039215686274,0.0,0.0,0.0,0.0,0.0,0
2026-07-14,0.0,6.203921568627451,163.24313725490197,80.56078431372549,0.0,0.0,0.0,0.0,0.0,0.0,0
2026-07-19,0.0,1.203921568627451,129.83137254901965,118.97254901960781,0.0,0.0,0.0,0.0,0.0,0.0,0
2026-07-24,0.0,0.0,86.50196078431375,163.50588235294117,0.0,0.0,0.0,0.0,0.0,0.0,0
2026-07-29,0.0,0.0,143.15294117647062,106.85490196078429,0.0,0.0,0.0,0.0,0.0,0.0,0
2026-08-03,0.0,0.0,170.043137254902,79.96470588235294,0.0,0.0,0.0,0.0,0.0,0.0,0
2026-08-08,0.0,1.0,154.0509803921569,94.95686274509802,0.0,0.0,0.0,0.0,0.0,0.0,0
2026-08-13,0.0,0.0,12.219607843137254,217.30588235294118,18.48235294117647,2.0,0.0,0.0,0.0,0.0,0
2026-08-18,0.0,0.0,0.0,175.7882352941177,48.29803921568628,25.92156862745098,0.0,0.0,0.0,0.0,0
2026-08-23,0.0,0.0,0.0,133.5529411764706,58.87843137254902,57.576470588235296,0.0,0.0,0.0,0.0,0
2026-08-28,0.0,0.0,0.0,41.17254901960784,75.26666666666667,133.5686274509804,0.0,0.0,0.0,0.0,0
2026-09-02,0.0,0.0,0.0,31.184313725490195,64.98039215686275,153.84313725490196,0.0,0.0,0.0,0.0,0
2026-09-07,0.0,0.0,0.0,32.82745098039216,86.38823529411766,130.7921568627451,0.0,0.0,0.0,0.0,0
